{"hit_rate": 1.864942096555873, "precision": 0.18849952373790546, "recall": 0.32814953855711865}